,,tasa,n
HighBP,0,0.06,115882
HighBP,1,0.245,87062
HighChol,0,0.08,116834
HighChol,1,0.22,86110
CholCheck,0,0.025,7627
CholCheck,1,0.144,195317
Smoker,0,0.12,113068
Smoker,1,0.163,89876
Stroke,0,0.132,194744
Stroke,1,0.319,8200
HeartDiseaseorAttack,0,0.119,183817
HeartDiseaseorAttack,1,0.33,19127
PhysActivity,0,0.211,49317
PhysActivity,1,0.116,153627
Fruits,0,0.159,74191
Fruits,1,0.128,128753
Veggies,0,0.179,38270
Veggies,1,0.13,164674
HvyAlcoholConsump,0,0.144,191634
HvyAlcoholConsump,1,0.058,11310
AnyHealthcare,0,0.115,9914
AnyHealthcare,1,0.141,193030
NoDocbcCost,0,0.136,185770
NoDocbcCost,1,0.176,17174
DiffWalk,0,0.105,168817
DiffWalk,1,0.309,34127
Sex,0,0.13,113443
Sex,1,0.151,89501
GenHlth,1,0.025,36262
GenHlth,2,0.071,71133
GenHlth,3,0.178,60582
GenHlth,4,0.309,25347
GenHlth,5,0.381,9620
Age,1,0.014,4493
Age,2,0.018,6073
Age,3,0.029,8881
Age,4,0.043,11048
Age,5,0.066,12944
Age,6,0.089,15932
Age,7,0.118,21108
Age,8,0.139,24777
Age,9,0.171,26537
Age,10,0.204,25679
Age,11,0.22,18789
Age,12,0.212,12725
Age,13,0.184,13958
Education,1,0.282,142
Education,2,0.296,3248
Education,3,0.241,7588
Education,4,0.176,50242
Education,5,0.148,55862
Education,6,0.097,85862
Income,1,0.242,7870
Income,2,0.26,9458
Income,3,0.223,12832
Income,4,0.203,16145
Income,5,0.175,20709
Income,6,0.146,29189
Income,7,0.121,34489
Income,8,0.079,72252
